{
  "name": "h5",
  "outputPath": "hyext_dist",
  "releasePath": "hyext_release",
  "ignore": [
    "*.md",
    "LICENSE",
    ".git/**",
    ".gitignore",
    "package-lock.json"
  ],
  "builder": {
    "name": "@hyext/builder-h5game",
    "config": {
      "webTitle": "h5",
      "h5Dir": "./h5",
      "buildConfig": [
        {
          "extType": "web_video_com",
          "platform": "web"
        },
        {
          "extType": "app_panel",
          "platform": "app"
        }
      ]
    }
  },
  "extId": "2c1bb4q9"
}